name,price,image
undefined,undefined,undefined
Unisex Kids and Toddlers  Cotton Low Cut Sock  14 Pairs  ,$16.10,https://m.media-amazon.com/images/I/81CITapeJvL._AC_UL400_.jpg
Simple Joys by Carter s Boys  Underwear  Pack of 8  ,$19.00,https://m.media-amazon.com/images/I/A1v3wQ-eOCL._AC_UL400_.jpg
Amazon Essentials Boys and Toddlers  Cotton Crew Sock  10 Pairs  ,$14.30,https://m.media-amazon.com/images/I/81YIkH2H+EL._AC_UL400_.jpg
Simple Joys by Carter s Babies  Toddlers  and Boys  Knit Shorts  Multipacks  ,$28.50,https://m.media-amazon.com/images/I/91JYapW40CL._AC_UL400_.jpg
Babies  Toddlers  and Boys  6-Piece Snug-Fit Cotton Pajama Set  Multipacks  ,$26.60,https://m.media-amazon.com/images/I/91eWrGsJKLL._AC_UL400_.jpg
Amazon Essentials Boys  Cotton Crew Gym Socks  10 Pairs  ,$14.20,https://m.media-amazon.com/images/I/71pxLR2x4qL._AC_UL400_.jpg
Toddlers and Baby Boys  3-Piece Button-Up  Shorts  and Tee Playwear Set  ,$17.10,https://m.media-amazon.com/images/I/81TLsr7QA1L._AC_UL400_.jpg
Toddler Boys  Shorts  Pack of 2  ,$18.74,https://m.media-amazon.com/images/I/91qUC8MrNNL._AC_UL400_.jpg
Baby and Toddler Boys  Knit Cargo Shorts  Pack of 2  ,$11.99,https://m.media-amazon.com/images/I/911-oMznMTL._AC_UL400_.jpg
Boys and Toddlers  Mesh Shorts  Pack of 3  ,$21.74,https://m.media-amazon.com/images/I/91m4UhyQtuL._AC_UL400_.jpg
Simple Joys by Carter s Babies  Toddlers  and Boys  Solid Pocket Short-Sleeve Tee Shirts  Pack of 3  ,$20.20,https://m.media-amazon.com/images/I/81PXGNjgJFL._AC_UL400_.jpg
Simple Joys by Carter s Toddler Boys  Flat Front Shorts  Pack of 2  ,$18.74,https://m.media-amazon.com/images/I/81NjrmfqYXL._AC_UL400_.jpg
Boys and Toddlers  Short-Sleeve T-Shirts (Previously Spotted Zebra)  Multipacks  ,$16.84,https://m.media-amazon.com/images/I/81mmn3+ZCeL._AC_UL400_.jpg
Simple Joys by Carter s Toddlers and Baby Boys  3-Piece Playwear Set  ,$13.49,https://m.media-amazon.com/images/I/91NGkE7CCBL._AC_UL400_.jpg
Amazon Essentials Boys  Cotton Boxer Briefs Underwear  Multipacks  ,$26.18,https://m.media-amazon.com/images/I/81R4wmNSMEL._AC_UL400_.jpg
Boys and Toddlers  Fleece Zip-Up Hoodie Sweatshirt  ,$11.69,https://m.media-amazon.com/images/I/814PRRovuiL._AC_UL400_.jpg
Boys  Long-Sleeve Shirts  Pack of 3  ,$19.00,https://m.media-amazon.com/images/I/91D9keJyq0L._AC_UL400_.jpg
Amazon Essentials Boys and Toddlers  Active Performance Polo Shirts  Pack of 2  ,$17.93,https://m.media-amazon.com/images/I/91UTnBUeCML._AC_UL400_.jpg
Amazon Essentials Unisex Kids  Cotton Crew Sock  10 Pairs  White/Grey  Small  ,$14.20,https://m.media-amazon.com/images/I/81ud3T-rXWL._AC_UL400_.jpg
Boys and Toddlers  Uniform Woven Flat-Front Shorts  Multipacks  ,$27.68,https://m.media-amazon.com/images/I/81aoivD6gKL._AC_UL400_.jpg
Amazon Essentials boys Water-Resistant Snow Bib  ,$13.74,https://m.media-amazon.com/images/I/71jXwg9m3VL._AC_UL400_.jpg
Toddler Boys  4-Piece Pajama Set (Short-Sleeve Poly Top & Fleece Bottom)  ,$22.80,https://m.media-amazon.com/images/I/81rygluGnnL._AC_UL400_.jpg
Boys and Toddlers  Short-Sleeve T-Shirts (Previously Spotted Zebra)  Multipacks  ,$16.84,https://m.media-amazon.com/images/I/81JcSho70PL._AC_UL400_.jpg
Amazon Essentials Unisex Kids  Cushioned Athletic Low Cut Socks  6 Pairs  ,$6.68,https://m.media-amazon.com/images/I/91CkNoS48BS._AC_UL400_.jpg
Boys  Cotton Briefs Underwear  Multipacks  ,$26.18,https://m.media-amazon.com/images/I/81m8QQqCscL._AC_UL400_.jpg
Toddlers and Baby Boys  3-Piece Fleece Vest  Long-Sleeve Shirt  and Woven Pant Playwear Set  ,$18.80,https://m.media-amazon.com/images/I/91Tmb0DLpJL._AC_UL400_.jpg
Simple Joys by Carter s Toddler Boys  4-Piece French Terry Long-Sleeve Shirts and Shorts Playwear Set  Pack of 4  Ivory/Sage Green  3T  ,$23.80,https://m.media-amazon.com/images/I/81p4FAWahoL._AC_UL400_.jpg
Simple Joys by Carter s Toddler Boys  Pull-On Denim Pant  Pack of 2  ,$27.58,https://m.media-amazon.com/images/I/A1nwcBIwosL._AC_UL400_.jpg
Simple Joys by Carter s Boys and Toddlers  4-Piece Pajama Set (Cotton Top & Fleece Bottom)  ,$22.80,https://m.media-amazon.com/images/I/91CsKHDXIwL._AC_UL400_.jpg
Simple Joys by Carter s Toddlers and Baby Boys  Snug-Fit Footless Cotton Pajamas  Pack of 3  ,$24.30,https://m.media-amazon.com/images/I/81SDap+LHjL._AC_UL400_.jpg
Amazon Essentials Boys and Toddlers  Short-Sleeve V-Neck T-Shirt Tops (Previously Spotted Zebra)  Multipacks  ,$15.68,https://m.media-amazon.com/images/I/81FgKDndBsL._AC_UL400_.jpg
Boys  Thermal Long-Sleeve Shirts  Pack of 3  ,$23.30,https://m.media-amazon.com/images/I/A15oqPYiUYL._AC_UL400_.jpg
Amazon Essentials Boys and Toddlers  Uniform Straight-Fit Flat-Front Chino Khaki Pants  Multipacks  ,$51.20,https://m.media-amazon.com/images/I/8113UNvusRL._AC_UL400_.jpg
Boys  Holiday Loose-Fit Flame Resistant Fleece Footed Pajamas  Pack of 2  ,$21.40,https://m.media-amazon.com/images/I/815T-+RxyCL._MCnd_AC_UL400_.jpg
Simple Joys by Carter s Toddlers and Baby Boys  3-Piece Fleece Jacket  Long-Sleeve Shirt  and Woven Pant Playwear Set  ,$14.24,https://m.media-amazon.com/images/I/81pD10NLXfL._AC_UL400_.jpg
Amazon Essentials Babies  Toddlers  and Boys  Snug-fit Cotton Pajamas Sleepwear Sets (Previously Spotted Zebra)  Multipacks  ,$22.69,https://m.media-amazon.com/images/I/812Z7TDojwS._AC_UL400_.jpg
Boys Sleeveless Tank Top T-Shirts (Previously Spotted Zebra)  ,$14.63,https://m.media-amazon.com/images/I/81ksMtcERJL._AC_UL400_.jpg
Simple Joys by Carter s Toddlers and Baby Boys  Pull-On Fleece Pants  Pack of 2  ,$22.37,https://m.media-amazon.com/images/I/819Ln-UylJL._AC_UL400_.jpg
Boys and Toddlers  Uniform Woven Flat-Front Shorts (Water Resistant)  Multipacks  ,$28.43,https://m.media-amazon.com/images/I/81+RXaA8A8L._AC_UL400_.jpg
Boys  Loose-Fit Fleece Pajama Set  ,$21.90,https://m.media-amazon.com/images/I/81yVYDqxDnL._AC_UL400_.jpg
Boys and Toddlers  Polar Fleece Full-Zip Mock Jacket  ,$14.93,https://m.media-amazon.com/images/I/81nQtyu9-IS._MCnd_AC_UL400_.jpg
Amazon Essentials Boys and Toddlers  Fleece Crew-Neck Sweatshirts  Multipacks  ,$14.25,https://m.media-amazon.com/images/I/91bQsbe1H9L._AC_UL400_.jpg
Amazon Essentials Boys and Toddlers  Lightweight Water-Resistant Packable Hooded Puffer Coat  ,$29.10,https://m.media-amazon.com/images/I/91m2e1Wz1iL._AC_UL400_.jpg
Boys and Toddlers  Sleeveless Tank Tops  Multipacks  ,$11.93,https://m.media-amazon.com/images/I/7122hRxzvMS._AC_UL400_.jpg
Amazon Essentials Unisex Kids  Cushioned Athletic Crew Socks  6 Pairs  ,$8.18,https://m.media-amazon.com/images/I/81zTnUD74TS._AC_UL400_.jpg
Simple Joys by Carter s Toddlers and Baby Boys  4-Piece Loose-Fit Fleece Pajama Set  ,$20.39,https://m.media-amazon.com/images/I/81rohMAmIHL._MCnd_AC_UL400_.jpg
Amazon Essentials Boys and Toddlers  Short-Sleeve Woven Poplin Chambray Button-Down Shirt  ,$10.34,https://m.media-amazon.com/images/I/81g7itRI7lL._AC_UL400_.jpg
Boys and Toddlers  Thermal Long Underwear Set  ,$7.15,https://m.media-amazon.com/images/I/71fpXfwBdwL._AC_UL400_.jpg
undefined,undefined,undefined
undefined,undefined,undefined
undefined,undefined,undefined
